sl_pct,trail_arm,trail_giveback,purge_at,step_cap,regime_mult,net,cycles,win_rate,max_dd
0.06,0.4,0.4,5,,4.0,871.73,281,0.477,-543.81
0.06,0.5,0.4,5,,4.0,871.64,266,0.477,-537.86
0.06,0.5,0.4,4,,4.0,652.78,271,0.48,-442.07
0.08,0.6,0.3,5,1.2,4.0,565.33,342,0.462,-1014.9
0.08,0.6,0.4,5,1.2,,549.92,479,0.438,-839.67
0.05,0.4,0.4,4,,,528.41,452,0.462,-481.85
0.06,0.4,0.3,4,,4.0,438.77,276,0.536,-548.3
0.08,0.5,0.4,5,,4.0,424.62,246,0.5,-678.97
0.08,0.6,0.4,4,1.2,,388.24,435,0.485,-765.9
0.08,0.4,0.4,4,,4.0,370.54,247,0.522,-746.3
0.08,0.4,0.3,5,1.2,4.0,335.82,384,0.542,-727.64
0.06,0.6,0.3,5,,4.0,324.16,255,0.412,-685.75
0.08,0.6,0.2,5,1.2,4.0,322.11,353,0.462,-982.21
0.06,0.4,0.4,4,,4.0,320.04,278,0.486,-472.62
0.08,0.5,0.4,4,,4.0,289.45,242,0.541,-807.76
0.08,0.5,0.2,4,,4.0,248.62,234,0.538,-737.94
0.08,0.4,0.4,5,,4.0,219.92,257,0.502,-621.72
0.08,0.6,0.3,4,1.2,,218.73,457,0.464,-1017.69
0.08,0.6,0.4,5,1.2,4.0,216.92,338,0.453,-855.56
0.08,0.5,0.3,4,,4.0,210.72,227,0.537,-608.29
0.08,0.6,0.3,4,1.2,4.0,188.49,327,0.489,-1059.6
0.06,0.6,0.4,4,1.2,,183.85,539,0.406,-1235.26
0.05,0.6,0.3,4,1.2,4.0,177.3,411,0.384,-939.45
0.05,0.6,0.4,5,1.2,4.0,163.72,407,0.373,-971.58
0.06,0.6,0.3,5,1.2,4.0,163.33,390,0.405,-1033.47
0.05,0.5,0.4,4,,4.0,151.38,288,0.431,-608.36
0.06,0.4,0.4,4,,,128.77,419,0.487,-818.89
0.06,0.6,0.3,4,1.2,,127.45,542,0.421,-1076.68
0.08,0.5,0.3,5,1.2,4.0,119.15,369,0.48,-1017.28
0.05,0.4,0.4,5,,4.0,119.07,293,0.427,-807.6
0.08,0.5,0.3,5,1.2,,112.65,494,0.482,-640.83
0.06,0.6,0.4,5,,4.0,90.46,245,0.408,-768.17
0.08,0.5,0.2,4,,,90.37,337,0.501,-668.22
0.05,0.5,0.4,5,1.2,4.0,76.8,420,0.41,-621.24
0.06,0.4,0.3,4,,,54.5,422,0.491,-891.45
0.05,0.4,0.4,4,,4.0,50.01,300,0.43,-800.87
0.08,0.4,0.3,5,1.2,,49.49,516,0.516,-828.35
0.05,0.5,0.3,5,1.2,4.0,23.76,414,0.408,-926.02
0.06,0.4,0.3,5,,4.0,-13.19,282,0.5,-811.31
0.05,0.5,0.4,5,,4.0,-24.71,284,0.408,-703.14
0.08,0.6,0.3,5,1.2,,-25.55,482,0.44,-874.97
0.06,0.5,0.3,4,,,-37.72,390,0.438,-1071.97
0.05,0.4,0.3,5,,4.0,-38.68,292,0.476,-821.33
0.06,0.5,0.4,4,1.2,4.0,-40.79,393,0.453,-665.63
0.05,0.4,0.4,5,,,-48.99,444,0.432,-1176.09
0.06,0.6,0.2,5,1.2,4.0,-51.95,401,0.399,-1193.33
0.05,0.6,0.3,5,1.2,4.0,-80.33,406,0.367,-1053.46
0.06,0.4,0.4,5,,,-82.85,435,0.457,-1030.82
0.08,0.4,0.2,5,1.2,4.0,-83.39,389,0.537,-1034.91
0.06,0.5,0.2,5,,4.0,-88.77,289,0.439,-805.06
0.06,0.5,0.3,5,1.2,4.0,-96.47,397,0.428,-1249.14
0.06,0.6,0.3,5,1.2,,-101.98,554,0.403,-1143.24
0.06,0.6,0.4,4,,,-106.44,376,0.412,-825.9
0.05,0.5,0.3,5,,4.0,-116.69,283,0.399,-836.98
0.06,0.5,0.3,4,,4.0,-125.1,261,0.448,-701.46
0.06,0.6,0.4,5,1.2,4.0,-130.26,392,0.395,-1129.78
0.06,0.5,0.4,5,1.2,4.0,-130.74,401,0.426,-805.92
0.05,0.6,0.2,5,1.2,4.0,-130.84,409,0.372,-1025.39
0.06,0.5,0.3,5,,4.0,-133.67,270,0.441,-960.33
0.08,0.6,0.3,5,,4.0,-146.41,230,0.452,-1164.83
0.06,0.6,0.2,4,1.2,,-158.14,549,0.417,-1155.16
0.06,0.4,0.2,5,,4.0,-175.48,306,0.484,-785.31
0.05,0.5,0.3,4,1.2,4.0,-178.25,429,0.41,-1050.4
0.06,0.6,0.4,5,,,-180.86,388,0.381,-882.93
0.08,0.5,0.3,5,,4.0,-190.2,249,0.47,-858.19
0.06,0.5,0.4,5,,,-198.5,409,0.403,-928.61
0.08,0.6,0.4,5,,4.0,-201.26,229,0.428,-1315.22
0.08,0.5,0.3,4,,,-204.8,329,0.514,-658.96
0.05,0.4,0.3,4,,4.0,-205.48,300,0.48,-969.11
0.08,0.6,0.2,5,,4.0,-206.29,246,0.423,-1286.96
0.08,0.5,0.2,5,,4.0,-208.69,257,0.459,-1257.4
0.05,0.5,0.2,5,,4.0,-231.94,293,0.403,-780.66
0.06,0.5,0.4,4,,,-241.96,395,0.428,-844.18
0.08,0.4,0.3,4,,,-256.27,360,0.519,-739.86
0.08,0.4,0.3,4,1.2,,-270.67,484,0.55,-951.26
0.08,0.6,0.3,4,,4.0,-275.43,227,0.485,-1339.8
0.05,0.4,0.2,5,,4.0,-281.89,306,0.451,-692.2
0.05,0.4,0.4,5,1.2,4.0,-287.78,435,0.407,-808.14
0.06,0.4,0.2,4,,4.0,-291.74,293,0.495,-1018.16
0.06,0.4,0.3,5,1.2,4.0,-311.05,417,0.47,-1165.6
0.06,0.6,0.3,4,1.2,4.0,-313.46,384,0.404,-1260.66
0.06,0.4,0.3,4,1.2,4.0,-322.14,406,0.493,-1140.59
0.05,0.4,0.3,5,,,-338.14,427,0.45,-1074.27
0.05,0.6,0.2,4,1.2,4.0,-339.61,406,0.377,-1005.09
0.05,0.5,0.2,4,1.2,4.0,-344.59,437,0.414,-826.42
0.08,0.4,0.2,4,1.2,4.0,-348.5,366,0.56,-854.97
0.08,0.5,0.4,4,1.2,4.0,-361.58,333,0.492,-1328.45
0.08,0.5,0.2,5,1.2,4.0,-364.92,367,0.48,-1293.33
0.08,0.4,0.3,4,1.2,4.0,-385.12,366,0.541,-893.96
0.08,0.4,0.3,5,,,-391.01,377,0.488,-1279.51
0.08,0.6,0.2,5,,,-403.54,361,0.435,-1395.17
0.05,0.5,0.4,4,,,-406.17,429,0.382,-933.28
0.06,0.5,0.2,4,1.2,4.0,-407.41,403,0.439,-865.42
0.08,0.6,0.4,4,,4.0,-414.29,217,0.465,-1392.92
0.06,0.4,0.4,5,1.2,4.0,-419.67,413,0.421,-950.64
0.05,0.5,0.4,4,1.2,4.0,-420.69,430,0.402,-856.61
0.05,0.5,0.2,5,1.2,4.0,-424.84,429,0.401,-835.79
0.08,0.5,0.3,4,1.2,4.0,-425.21,333,0.508,-1331.09
0.06,0.5,0.3,4,1.2,4.0,-442.79,392,0.439,-995.7
0.06,0.6,0.4,4,,4.0,-452.57,245,0.392,-873.5
0.08,0.6,0.3,4,0.9,,-459.7,622,0.473,-1044.77
0.05,0.6,0.3,4,,,-463.63,434,0.366,-1076.48
0.08,0.5,0.2,5,,,-468.68,379,0.459,-705.5
0.06,0.5,0.2,4,,4.0,-483.61,288,0.434,-828.58
0.08,0.5,0.2,4,1.2,,-492.34,474,0.502,-910.72
0.06,0.4,0.3,4,1.2,,-497.91,561,0.487,-859.35
0.05,0.5,0.3,4,,,-500.67,437,0.394,-851.24
0.08,0.6,0.4,4,1.2,4.0,-503.6,324,0.469,-1027.67
0.05,0.5,0.2,4,,4.0,-510.11,299,0.408,-905.27
0.06,0.6,0.2,5,,4.0,-511.39,271,0.38,-1085.08
0.08,0.4,0.2,5,1.2,,-524.58,540,0.511,-980.08
0.05,0.6,0.2,5,,,-537.02,421,0.356,-1022.34
0.05,0.6,0.3,5,,4.0,-543.32,274,0.332,-985.78
0.08,0.5,0.4,4,,,-555.14,349,0.481,-1366.93
0.06,0.4,0.4,5,1.2,,-556.06,578,0.441,-1342.3
0.08,0.6,0.4,4,,,-564.09,310,0.484,-1344.89
0.08,0.5,0.4,5,1.2,,-571.34,485,0.466,-870.61
0.05,0.5,0.4,5,,,-575.57,427,0.358,-1079.65
0.05,0.4,0.3,4,,,-577.63,452,0.44,-1214.19
0.05,0.4,0.2,4,,4.0,-580.98,310,0.458,-1042.86
0.06,0.5,0.2,5,1.2,4.0,-591.4,412,0.415,-1054.04
0.05,0.5,0.3,4,,4.0,-593.31,287,0.39,-910.72
0.06,0.6,0.2,4,1.2,4.0,-611.88,396,0.399,-1192.11
0.05,0.6,0.2,5,,4.0,-620.95,283,0.346,-1025.87
0.06,0.4,0.2,4,1.2,,-636.68,606,0.493,-928.0
0.06,0.6,0.3,4,,,-640.2,367,0.392,-888.94
0.06,0.4,0.2,4,1.2,4.0,-640.36,429,0.494,-919.97
0.06,0.4,0.2,5,1.2,4.0,-648.1,431,0.471,-921.3
0.08,0.6,0.4,5,0.9,,-650.09,679,0.442,-929.87
0.08,0.5,0.2,4,1.2,4.0,-651.06,341,0.504,-1435.37
0.08,0.4,0.4,5,,,-652.29,372,0.487,-1504.2
0.08,0.5,0.4,5,1.2,4.0,-654.24,361,0.452,-1005.22
0.08,0.6,0.3,5,0.9,4.0,-658.34,539,0.44,-1063.43
0.05,0.4,0.4,4,1.2,4.0,-663.94,444,0.405,-931.62
0.05,0.4,0.2,5,1.2,4.0,-665.39,449,0.443,-950.92
0.05,0.6,0.4,4,1.2,4.0,-676.33,416,0.346,-1231.31
0.06,0.6,0.3,4,,4.0,-690.22,253,0.387,-1121.28
0.06,0.6,0.4,5,1.2,,-700.4,545,0.38,-1683.18
0.05,0.6,0.4,5,,4.0,-701.51,274,0.339,-1142.97
0.05,0.6,0.2,4,,,-703.21,437,0.362,-1274.87
0.05,0.6,0.4,4,1.2,,-715.95,596,0.356,-1551.47
0.08,0.4,0.3,5,,4.0,-726.78,263,0.483,-1083.04
0.05,0.4,0.3,4,1.2,4.0,-732.4,442,0.443,-1198.53
0.08,0.6,0.3,5,0.9,,-736.07,675,0.441,-1186.45
0.05,0.6,0.4,5,0.9,,-744.29,798,0.365,-1072.22
0.05,0.6,0.2,4,0.9,,-750.65,832,0.371,-1047.93
0.08,0.5,0.4,5,,,-761.0,369,0.474,-1385.23
0.06,0.4,0.4,4,1.2,,-772.51,576,0.453,-1110.35
0.08,0.4,0.3,4,,4.0,-775.08,240,0.517,-1039.53
0.08,0.4,0.4,4,,,-778.72,352,0.531,-1537.44
0.06,0.6,0.2,5,1.2,,-783.07,551,0.397,-1429.62
0.05,0.5,0.2,4,1.2,,-799.89,619,0.412,-943.18
0.06,0.4,0.3,5,1.2,,-800.38,587,0.457,-1180.23
0.08,0.6,0.2,4,,,-819.43,322,0.469,-1508.59
0.08,0.5,0.2,5,1.2,,-836.79,518,0.454,-1101.79
0.06,0.6,0.3,4,0.9,,-843.72,748,0.398,-1084.15
0.08,0.4,0.4,5,1.2,4.0,-843.84,370,0.468,-1060.28
0.08,0.4,0.4,5,1.2,,-868.45,510,0.476,-1010.72
0.05,0.4,0.2,4,1.2,4.0,-876.68,456,0.443,-991.27
0.05,0.4,0.3,5,1.2,4.0,-881.95,433,0.425,-1237.98
0.05,0.5,0.2,5,1.2,,-883.97,602,0.392,-1149.54
0.06,0.6,0.4,4,1.2,4.0,-893.15,384,0.38,-1369.0
0.05,0.6,0.4,4,,,-895.39,437,0.346,-1361.05
0.08,0.6,0.2,4,1.2,4.0,-904.43,331,0.453,-1246.79
0.08,0.4,0.2,5,,4.0,-923.28,286,0.49,-1178.9
0.08,0.6,0.2,5,1.2,,-924.3,492,0.425,-1227.99
0.08,0.6,0.2,4,1.2,,-924.82,450,0.451,-1523.65
0.06,0.5,0.2,4,1.2,,-926.97,562,0.432,-1207.44
0.08,0.5,0.3,5,,,-939.66,348,0.448,-1504.19
0.05,0.4,0.2,5,1.2,,-944.23,628,0.454,-1395.44
0.05,0.6,0.2,4,0.9,4.0,-971.3,625,0.365,-1303.48
0.06,0.6,0.2,5,,,-976.56,395,0.372,-1724.01
0.05,0.4,0.3,5,1.2,,-995.21,610,0.443,-1265.1
0.05,0.6,0.2,5,1.2,,-996.1,579,0.349,-1080.22
0.05,0.4,0.4,5,1.2,,-1000.89,604,0.419,-1673.8
0.05,0.5,0.2,5,,,-1025.13,439,0.392,-1541.0
0.05,0.6,0.4,5,1.2,,-1025.99,581,0.332,-1355.61
0.08,0.6,0.4,5,0.9,4.0,-1035.17,538,0.426,-1165.7
0.08,0.5,0.3,5,0.9,,-1043.36,698,0.474,-1757.96
0.06,0.5,0.3,5,1.2,,-1043.56,570,0.412,-1508.55
0.05,0.6,0.4,5,,,-1050.68,408,0.333,-1232.23
0.05,0.5,0.3,5,,,-1051.02,427,0.375,-1319.3
0.06,0.5,0.4,4,1.2,,-1059.72,559,0.42,-1561.36
0.08,0.4,0.2,5,,,-1066.93,413,0.501,-1166.97
0.06,0.4,0.2,5,1.2,,-1083.92,598,0.467,-1257.14
0.05,0.5,0.3,5,1.2,,-1092.19,611,0.396,-1636.5
0.08,0.4,0.2,4,,,-1098.32,376,0.543,-1201.44
0.08,0.5,0.3,4,1.2,,-1099.58,463,0.475,-1854.87
0.06,0.6,0.2,4,,,-1099.63,404,0.391,-1446.21
0.08,0.6,0.3,5,,,-1113.39,345,0.414,-1435.44
0.06,0.4,0.4,4,1.2,4.0,-1114.13,409,0.438,-1332.85
0.05,0.6,0.3,4,1.2,,-1132.42,593,0.356,-1590.6
0.06,0.5,0.3,5,,,-1138.8,415,0.417,-1827.11
0.05,0.6,0.2,4,1.2,,-1140.56,596,0.362,-1544.16
0.06,0.5,0.4,5,1.2,,-1140.72,560,0.396,-1484.16
0.08,0.6,0.4,5,,,-1146.51,346,0.405,-1762.82
0.05,0.6,0.3,5,,,-1166.16,395,0.332,-1635.27
0.08,0.4,0.2,4,1.2,,-1174.98,504,0.512,-1353.48
0.08,0.6,0.2,4,,4.0,-1200.84,217,0.438,-1622.5
0.05,0.6,0.4,4,,4.0,-1217.44,279,0.312,-1303.05
0.05,0.5,0.2,5,0.9,4.0,-1218.96,654,0.393,-1354.19
0.08,0.6,0.2,4,0.9,,-1221.7,644,0.45,-1467.29
0.08,0.5,0.4,4,1.2,,-1228.46,453,0.477,-1393.64
0.08,0.5,0.4,5,0.9,,-1231.03,699,0.464,-1509.5
0.06,0.6,0.4,5,0.9,4.0,-1233.92,598,0.373,-1271.25
0.05,0.6,0.4,5,0.9,4.0,-1243.15,617,0.34,-1571.72
0.05,0.6,0.3,5,1.2,,-1248.88,603,0.348,-1418.05
0.08,0.6,0.3,4,0.9,4.0,-1249.79,511,0.436,-1545.26
0.08,0.6,0.2,5,0.9,,-1256.5,689,0.421,-1563.35
0.08,0.6,0.3,4,,,-1259.21,323,0.437,-1482.56
0.05,0.5,0.2,4,,,-1265.33,452,0.369,-1718.02
0.06,0.4,0.3,5,,,-1280.03,426,0.427,-1771.32
0.06,0.5,0.2,5,1.2,,-1282.39,557,0.418,-1481.16
0.08,0.4,0.2,4,,4.0,-1284.97,256,0.504,-1418.75
0.05,0.5,0.3,5,0.9,4.0,-1291.85,643,0.381,-1359.66
0.05,0.6,0.4,4,0.9,4.0,-1291.89,629,0.347,-1631.46
0.08,0.6,0.2,4,0.6,4.0,-1320.8,957,0.442,-1410.28
0.06,0.4,0.2,4,,,-1331.05,440,0.468,-1468.42
0.05,0.6,0.2,5,0.9,,-1336.27,816,0.349,-1414.11
0.08,0.5,0.3,5,0.9,4.0,-1338.86,556,0.462,-1443.05
0.08,0.4,0.4,4,1.2,4.0,-1351.31,350,0.46,-1425.04
0.05,0.6,0.2,5,0.9,4.0,-1364.21,628,0.346,-1766.56
0.06,0.6,0.2,5,0.9,4.0,-1364.48,595,0.371,-1568.91
0.08,0.6,0.2,4,0.9,4.0,-1374.06,513,0.433,-1730.43
0.06,0.5,0.3,4,1.2,,-1377.47,556,0.419,-1583.56
0.06,0.6,0.4,4,0.9,4.0,-1396.14,581,0.38,-1500.57
0.05,0.6,0.3,4,,4.0,-1401.93,283,0.314,-1518.28
0.05,0.5,0.2,4,0.9,4.0,-1404.43,661,0.398,-1471.11
0.06,0.6,0.3,4,0.9,4.0,-1411.72,588,0.378,-1430.5
0.05,0.5,0.3,4,1.2,,-1418.34,613,0.395,-1531.11
0.05,0.5,0.4,5,0.9,4.0,-1428.07,635,0.383,-1659.78
0.06,0.6,0.2,4,0.9,,-1437.41,744,0.388,-1853.38
0.08,0.5,0.3,4,0.9,,-1437.97,671,0.492,-1758.77
0.08,0.4,0.3,5,0.9,,-1446.32,740,0.507,-1780.8
0.05,0.6,0.3,4,0.9,4.0,-1457.94,629,0.34,-1566.64
0.06,0.5,0.2,4,,,-1467.46,399,0.398,-1737.73
0.06,0.4,0.2,5,,,-1480.08,459,0.453,-1900.15
0.06,0.4,0.3,5,0.9,,-1508.51,818,0.458,-1705.48
0.06,0.6,0.3,5,0.9,4.0,-1514.28,603,0.363,-1525.21
0.08,0.6,0.4,4,0.9,4.0,-1525.81,502,0.432,-1549.2
0.05,0.4,0.2,4,1.2,,-1537.69,651,0.438,-1747.64
0.05,0.5,0.4,5,1.2,,-1542.09,594,0.369,-1634.44
0.06,0.6,0.3,5,,,-1560.02,394,0.353,-1760.62
0.08,0.5,0.4,4,0.9,4.0,-1560.76,522,0.471,-1747.7
0.08,0.5,0.2,5,0.9,,-1572.61,729,0.457,-1608.95
0.06,0.5,0.3,5,0.9,4.0,-1574.38,620,0.406,-1639.23
0.05,0.5,0.4,5,0.9,,-1583.7,827,0.389,-1991.04
0.05,0.4,0.3,5,0.9,4.0,-1586.35,668,0.422,-1591.29
0.08,0.6,0.4,4,0.9,,-1630.47,621,0.449,-1667.24
0.08,0.5,0.4,5,0.9,4.0,-1636.19,555,0.443,-1771.55
0.05,0.6,0.2,4,,4.0,-1636.54,288,0.33,-1741.71
0.05,0.5,0.4,4,0.9,4.0,-1650.94,643,0.383,-1837.35
0.05,0.6,0.3,4,0.9,,-1668.14,826,0.345,-1747.82
0.08,0.6,0.3,4,0.6,4.0,-1672.16,964,0.425,-1818.62
0.08,0.4,0.4,4,1.2,,-1683.5,482,0.485,-2190.84
0.05,0.4,0.4,4,1.2,,-1692.83,631,0.395,-1807.31
0.05,0.4,0.2,4,0.9,4.0,-1693.81,688,0.439,-1823.58
0.06,0.4,0.3,4,0.9,,-1695.86,804,0.466,-1800.45
0.08,0.6,0.2,5,0.9,4.0,-1701.98,540,0.411,-1815.51
0.06,0.5,0.4,5,0.9,,-1703.68,793,0.411,-1988.4
0.06,0.6,0.4,5,0.9,,-1705.78,767,0.377,-1782.77
0.06,0.4,0.3,5,0.9,4.0,-1709.34,636,0.44,-1789.14
0.08,0.4,0.4,4,0.9,4.0,-1715.01,534,0.474,-1762.02
0.05,0.6,0.4,4,0.9,,-1718.3,815,0.34,-1886.4
0.06,0.5,0.2,5,0.9,4.0,-1766.54,623,0.406,-1884.75
0.08,0.6,0.4,4,0.6,4.0,-1771.46,958,0.422,-1846.5
0.08,0.5,0.3,4,0.9,4.0,-1771.92,531,0.469,-1828.31
0.08,0.4,0.2,5,0.9,,-1777.82,760,0.499,-1848.48
0.06,0.5,0.4,4,0.9,4.0,-1779.08,600,0.412,-1983.56
0.06,0.5,0.4,5,0.9,4.0,-1781.64,614,0.401,-1913.56
0.05,0.6,0.3,5,0.9,4.0,-1782.16,626,0.331,-1797.31
0.08,0.4,0.4,5,0.9,,-1797.5,734,0.458,-1959.37
0.05,0.4,0.2,5,,,-1799.42,477,0.426,-1924.61
0.05,0.4,0.2,4,,,-1808.02,481,0.422,-1992.53
0.08,0.5,0.2,4,0.6,4.0,-1821.53,996,0.471,-2070.58
0.06,0.5,0.2,5,0.9,,-1825.14,793,0.409,-2091.6
0.08,0.4,0.2,5,0.9,4.0,-1831.23,593,0.491,-1868.99
0.08,0.5,0.2,4,0.9,4.0,-1838.42,539,0.458,-2147.21
0.05,0.4,0.3,4,1.2,,-1844.79,630,0.438,-1976.11
0.06,0.6,0.3,5,0.9,,-1857.58,783,0.369,-1911.56
0.08,0.5,0.2,5,0.9,4.0,-1864.77,571,0.447,-2080.37
0.08,0.4,0.3,5,0.9,4.0,-1865.02,595,0.471,-1900.14
0.06,0.5,0.2,5,,,-1873.01,420,0.39,-2132.42
0.05,0.4,0.4,5,0.9,4.0,-1887.27,658,0.392,-1927.89
0.06,0.6,0.2,4,,4.0,-1888.87,272,0.346,-2080.52
0.06,0.5,0.3,4,0.9,,-1931.52,764,0.408,-1968.29
0.08,0.4,0.2,4,0.9,,-1937.54,713,0.515,-1974.31
0.05,0.5,0.3,4,0.9,4.0,-1976.46,655,0.38,-1988.22
0.06,0.6,0.4,4,0.9,,-1979.93,751,0.386,-2038.08
0.08,0.4,0.4,5,0.9,4.0,-1987.71,567,0.444,-2094.74
0.08,0.4,0.2,4,0.9,4.0,-1988.69,563,0.512,-1988.69
0.05,0.5,0.2,5,0.9,,-2013.17,856,0.382,-2169.42
0.05,0.5,0.4,4,1.2,,-2034.65,624,0.362,-2117.15
0.05,0.4,0.4,5,0.9,,-2034.88,860,0.403,-2273.52
0.06,0.5,0.3,4,0.9,4.0,-2035.18,605,0.403,-2035.18
0.06,0.4,0.2,4,0.9,,-2037.78,811,0.48,-2074.55
0.06,0.4,0.3,4,0.9,4.0,-2045.84,624,0.439,-2174.03
0.05,0.5,0.3,4,0.9,,-2046.53,867,0.389,-2277.2
0.05,0.4,0.3,4,0.9,4.0,-2048.03,677,0.424,-2163.46
0.06,0.4,0.2,5,0.9,4.0,-2063.35,649,0.445,-2063.35
0.06,0.5,0.4,4,0.9,,-2081.42,790,0.42,-2153.3
0.06,0.4,0.4,5,0.9,4.0,-2086.24,623,0.401,-2106.05
0.05,0.4,0.2,5,0.9,4.0,-2092.44,674,0.426,-2117.87
0.05,0.5,0.3,5,0.9,,-2096.06,834,0.371,-2328.35
0.06,0.6,0.2,5,0.9,,-2103.45,773,0.37,-2321.09
0.08,0.4,0.4,4,0.9,,-2125.19,681,0.488,-2176.28
0.05,0.4,0.3,4,0.9,,-2134.8,886,0.435,-2788.54
0.08,0.5,0.4,4,0.9,,-2143.48,653,0.475,-2245.1
0.06,0.4,0.4,5,0.9,,-2144.03,817,0.406,-2219.67
0.08,0.6,0.2,4,0.6,,-2160.24,1217,0.432,-2207.26
0.05,0.4,0.4,4,0.9,4.0,-2173.15,666,0.402,-2304.07
0.06,0.5,0.2,4,0.9,4.0,-2204.37,611,0.401,-2401.4
0.06,0.6,0.2,4,0.9,4.0,-2209.9,592,0.358,-2413.31
0.05,0.4,0.2,4,0.9,,-2211.72,907,0.434,-2334.58
0.08,0.6,0.4,5,0.6,4.0,-2246.32,1006,0.399,-2319.78
0.08,0.4,0.3,4,0.9,4.0,-2247.04,559,0.483,-2247.04
0.05,0.4,0.4,4,0.9,,-2250.29,878,0.397,-2287.06
0.08,0.5,0.2,4,0.9,,-2255.88,673,0.465,-2292.65
0.08,0.4,0.2,4,0.6,4.0,-2281.37,1043,0.51,-2474.47
0.08,0.5,0.4,4,0.6,,-2283.73,1231,0.464,-2415.44
0.05,0.5,0.2,4,0.9,,-2289.91,875,0.385,-2474.05
0.05,0.5,0.4,4,0.9,,-2309.03,848,0.377,-2418.82
0.05,0.4,0.3,5,0.9,,-2313.28,871,0.42,-2349.62
0.06,0.5,0.3,5,0.9,,-2317.12,803,0.401,-2551.54
0.06,0.4,0.2,5,0.9,,-2431.31,824,0.447,-2488.54
0.08,0.4,0.3,4,0.6,4.0,-2456.51,1041,0.495,-2592.7
0.08,0.6,0.4,4,0.6,,-2504.26,1196,0.426,-2557.18
0.05,0.6,0.3,5,0.9,,-2511.69,821,0.33,-2565.67
0.06,0.4,0.4,4,0.9,4.0,-2513.47,611,0.403,-2513.47
0.08,0.5,0.4,4,0.6,4.0,-2513.67,977,0.447,-2551.54
0.08,0.5,0.3,4,0.6,4.0,-2540.37,991,0.452,-2607.42
0.06,0.5,0.2,4,0.9,,-2543.22,774,0.413,-2579.99
0.08,0.6,0.3,5,0.6,4.0,-2576.51,1017,0.387,-2635.1
0.06,0.6,0.2,5,0.6,4.0,-2627.44,1119,0.353,-2727.83
0.05,0.4,0.2,5,0.9,,-2646.48,890,0.425,-2682.82
0.06,0.4,0.4,4,0.9,,-2651.25,798,0.422,-2688.02
0.08,0.4,0.3,4,0.9,,-2666.57,700,0.494,-2710.01
0.08,0.6,0.2,5,0.6,4.0,-2670.46,1022,0.393,-2759.42
0.08,0.4,0.4,4,0.6,,-2739.94,1299,0.446,-2999.05
0.06,0.4,0.2,4,0.9,4.0,-2786.75,629,0.437,-2786.75
0.06,0.6,0.4,5,0.6,4.0,-2858.25,1115,0.335,-2942.28
0.08,0.4,0.4,4,0.6,4.0,-2908.91,1016,0.436,-3143.39
0.06,0.6,0.2,4,0.6,4.0,-2909.03,1114,0.35,-2981.95
0.08,0.5,0.4,5,0.6,4.0,-2909.76,1032,0.413,-2939.82
0.08,0.4,0.3,5,0.6,4.0,-2911.14,1094,0.459,-2958.64
0.08,0.6,0.4,5,0.6,,-2943.82,1285,0.402,-2996.9
0.08,0.5,0.2,4,0.6,,-2953.49,1269,0.463,-2998.14
0.05,0.5,0.4,5,0.6,4.0,-2969.06,1192,0.341,-2999.12
0.08,0.5,0.3,5,0.6,4.0,-2982.45,1040,0.415,-3051.21
0.06,0.5,0.4,5,0.6,4.0,-3033.24,1132,0.36,-3063.29
0.06,0.6,0.4,4,0.6,4.0,-3045.01,1099,0.339,-3130.93
0.08,0.5,0.2,5,0.6,4.0,-3068.18,1052,0.423,-3134.14
0.05,0.6,0.4,5,0.6,4.0,-3081.5,1162,0.308,-3140.01
0.06,0.4,0.2,4,0.6,4.0,-3083.43,1200,0.436,-3203.09
0.05,0.6,0.2,5,0.6,4.0,-3106.25,1182,0.31,-3206.22
0.06,0.6,0.4,4,0.6,,-3113.6,1418,0.351,-3258.74
0.06,0.4,0.4,5,0.6,4.0,-3132.84,1160,0.367,-3235.61
0.05,0.6,0.3,5,0.6,4.0,-3144.18,1179,0.304,-3218.72
0.08,0.6,0.2,5,0.6,,-3161.19,1296,0.399,-3206.29
0.06,0.6,0.3,4,0.6,4.0,-3167.06,1112,0.344,-3227.62
0.08,0.4,0.2,4,0.6,,-3173.88,1340,0.505,-3299.52
0.08,0.4,0.2,5,0.6,4.0,-3200.49,1107,0.463,-3344.01
0.05,0.4,0.4,4,0.6,4.0,-3202.85,1242,0.357,-3305.37
0.06,0.6,0.2,5,0.6,,-3208.87,1453,0.356,-3330.16
0.05,0.4,0.3,5,0.6,4.0,-3210.77,1238,0.385,-3304.87
0.08,0.4,0.4,5,0.6,4.0,-3212.85,1074,0.412,-3360.57
0.06,0.4,0.3,4,0.6,4.0,-3230.85,1179,0.416,-3293.16
0.06,0.6,0.3,5,0.6,4.0,-3265.44,1120,0.331,-3324.04
0.06,0.4,0.3,4,0.6,,-3276.32,1528,0.43,-3410.13
0.08,0.6,0.3,4,0.6,,-3315.1,1221,0.414,-3462.94
0.08,0.4,0.2,5,0.6,,-3318.48,1406,0.48,-3403.12
0.06,0.4,0.4,4,0.6,,-3323.63,1514,0.401,-3480.39
0.06,0.4,0.2,5,0.6,4.0,-3329.59,1198,0.416,-3402.0
0.08,0.6,0.3,5,0.6,,-3337.74,1294,0.389,-3473.87
0.06,0.5,0.2,4,0.6,,-3375.5,1475,0.399,-3520.84
0.05,0.4,0.4,5,0.6,4.0,-3378.66,1227,0.344,-3475.74
0.06,0.4,0.4,4,0.6,4.0,-3391.56,1159,0.384,-3483.32
0.08,0.5,0.2,5,0.6,,-3395.67,1348,0.433,-3432.0
0.05,0.5,0.3,5,0.6,4.0,-3411.46,1209,0.336,-3493.82
0.05,0.5,0.4,4,0.6,4.0,-3460.55,1210,0.333,-3498.43
0.05,0.5,0.2,5,0.6,4.0,-3473.86,1223,0.338,-3536.44
0.08,0.4,0.3,4,0.6,,-3484.98,1300,0.487,-3635.23
0.05,0.6,0.3,4,0.6,4.0,-3492.34,1208,0.303,-3591.86
0.08,0.5,0.3,4,0.6,,-3522.78,1247,0.446,-3657.7
0.06,0.6,0.3,5,0.6,,-3527.36,1449,0.344,-3679.84
0.06,0.5,0.2,5,0.6,4.0,-3530.79,1156,0.365,-3593.37
0.06,0.5,0.2,4,0.6,4.0,-3544.73,1155,0.375,-3607.37
0.08,0.5,0.3,5,0.6,,-3555.44,1328,0.429,-3709.55
0.06,0.5,0.3,5,0.6,4.0,-3556.44,1146,0.359,-3621.73
0.06,0.6,0.4,5,0.6,,-3583.39,1434,0.338,-3704.6
0.05,0.4,0.2,5,0.6,4.0,-3585.46,1258,0.384,-3644.87
0.08,0.4,0.4,5,0.6,,-3593.0,1375,0.425,-3740.76
0.06,0.4,0.3,5,0.6,4.0,-3595.45,1186,0.401,-3639.79
0.05,0.6,0.4,4,0.6,4.0,-3599.81,1192,0.299,-3659.6
0.05,0.4,0.2,4,0.6,4.0,-3601.69,1289,0.397,-3661.1
0.06,0.5,0.4,4,0.6,4.0,-3610.46,1129,0.359,-3648.34
0.05,0.4,0.3,4,0.6,4.0,-3627.45,1276,0.38,-3715.83
0.08,0.5,0.4,5,0.6,,-3630.47,1301,0.423,-3728.04
0.05,0.5,0.2,4,0.6,4.0,-3699.54,1254,0.339,-3783.33
0.05,0.5,0.4,5,0.6,,-3699.74,1558,0.343,-3785.72
0.08,0.4,0.3,5,0.6,,-3713.4,1382,0.468,-3794.95
0.06,0.4,0.2,4,0.6,,-3732.24,1555,0.442,-3835.2
0.05,0.6,0.4,4,0.6,,-3757.33,1563,0.313,-3842.83
0.06,0.5,0.3,4,0.6,4.0,-3798.99,1148,0.365,-3861.3
0.05,0.5,0.3,5,0.6,,-3803.09,1548,0.345,-3972.25
0.05,0.6,0.4,5,0.6,,-3806.55,1530,0.312,-3904.16
0.06,0.5,0.3,5,0.6,,-3810.38,1490,0.372,-3922.1
0.05,0.6,0.2,4,0.6,4.0,-3839.89,1215,0.302,-3940.53
0.06,0.4,0.2,5,0.6,,-3841.68,1561,0.42,-3905.59
0.06,0.6,0.3,4,0.6,,-3876.8,1422,0.35,-4056.94
0.06,0.5,0.3,4,0.6,,-3884.15,1473,0.385,-4023.75
0.05,0.4,0.3,5,0.6,,-3900.71,1614,0.387,-4016.43
0.05,0.6,0.3,4,0.6,,-3924.85,1575,0.319,-4070.21
0.06,0.5,0.4,4,0.6,,-3943.98,1461,0.385,-4042.19
0.05,0.4,0.4,4,0.6,,-3954.19,1658,0.358,-4049.93
0.06,0.6,0.2,4,0.6,,-3973.55,1431,0.352,-4093.6
0.06,0.5,0.2,5,0.6,,-4072.8,1492,0.381,-4152.46
0.05,0.6,0.3,5,0.6,,-4085.38,1548,0.307,-4227.17
0.05,0.6,0.2,5,0.6,,-4093.82,1546,0.312,-4162.18
0.06,0.5,0.4,5,0.6,,-4101.67,1473,0.373,-4184.28
0.05,0.5,0.3,4,0.6,4.0,-4104.56,1234,0.328,-4215.34
0.05,0.4,0.4,5,0.6,,-4135.06,1608,0.359,-4282.69
0.06,0.4,0.4,5,0.6,,-4190.92,1530,0.381,-4335.01
0.05,0.5,0.4,4,0.6,,-4329.57,1609,0.345,-4454.33
0.06,0.4,0.3,5,0.6,,-4421.05,1545,0.409,-4525.64
0.05,0.5,0.2,5,0.6,,-4460.11,1589,0.335,-4559.31
0.05,0.6,0.2,4,0.6,,-4507.34,1586,0.312,-4599.89
0.05,0.4,0.3,4,0.6,,-4527.23,1682,0.389,-4665.03
0.05,0.5,0.2,4,0.6,,-4629.07,1648,0.342,-4750.5
0.05,0.5,0.3,4,0.6,,-4800.39,1608,0.343,-4970.93
0.05,0.4,0.2,5,0.6,,-4840.11,1650,0.375,-4954.97
0.05,0.4,0.2,4,0.6,,-4866.91,1717,0.393,-4983.5
